{
  "values" : {
    "market_price_usd": 1768.2595714285712,
    "hash_rate": 4370299739.038097,
    "total_fees_btc": 312.20425199,
    "n_btc_mined": 1962.5,
    "n_tx": 336879,
    "n_blocks_mined": 157,
    "minutes_between_blocks": 8.5705,
    "totalbc": 163231500,
    "n_blocks_total": 465852,
    "estimated_transaction_volume_usd": 729935448.263793,
    "blocks_size": 151162994,
    "miners_revenue_usd": 4022267.5657505863,
    "nextretarget": 467711,
    "difficulty": 559970892890,
    "estimated_btc_sent": 412798.81079568,
    "miners_revenue_btc": 2274,
    "total_btc_sent": 3743880.66545411,
    "trade_volume_btc": 59694.98054027,
    "trade_volume_usd": 105556220.70657472,
    "timestamp": 1494473841000
  }
}